Health Group,Account Name,Targeting Criteria_1,Targeting Criteria_2,Targeting Criteria_3,Targeting Criteria_4,Targeting Criteria_5,Targeting Criteria_6,Targeting Criteria_7
Pantai Med. Ctr. Bangsar ,Sivananthan K. ,15085,Strong,Gold Mine,"Loyalist 
(Includes Advocates)",Somewhat Ethical,Advocate,Strong
Pantai Med. Ctr. Bangsar ,Gobinder Singh,281,Medium,Gold Mine,Mixed User,Somewhat Ethical,Neutral,Medium
Pantai Med. Ctr. Bangsar ,Kok Choong Seng ,15061,Medium,Silver Mine,Trialist,Somewhat Ethical,Neutral,Medium
Pantai Med. Ctr. Bangsar ,Paramaswaran S.,6846,Low,Silver Mine,Pro-Competitor (Includes Lost Accounts),Low Ethics,Skeptical,Weak
Pantai Med. Ctr. Bangsar ,S. Pasupathy,457,Low,Bronze Mine,Pro-Competitor (Includes Lost Accounts),Low Ethics,Neutral,Weak
Glenaeagles ,Charanjeet Singh,16788,Strong,Gold Mine,"Loyalist 
(Includes Advocates)",Somewhat Ethical,Advocate,Strong
Glenaeagles ,Chin Chee Howe,136,Strong,Gold Mine,Mixed User,Somewhat Ethical,Neutral,Medium
Glenaeagles ,Zulkarnian Ismail,4942,Medium,Silver Mine,Trialist,Low Ethics,Pro-PRP,Low
